id_transaccion,industria,region,monto_usd,fecha
TX-1000,Salud,Norteamérica,13501.62,2026-01-01 00:00:00
TX-1001,Transporte,Europa,14878.95,2026-01-01 04:00:00
TX-1002,Retail,LATAM,1673.54,2026-01-01 08:00:00
TX-1003,Salud,LATAM,13337.27,2026-01-01 12:00:00
TX-1004,Salud,LATAM,8128.32,2026-01-01 16:00:00
TX-1005,Transporte,LATAM,13672.49,2026-01-01 20:00:00
TX-1006,Retail,LATAM,8912.73,2026-01-02 00:00:00
TX-1007,Retail,LATAM,10201.99,2026-01-02 04:00:00
TX-1008,Salud,LATAM,8521.66,2026-01-02 08:00:00
TX-1009,Educación,Norteamérica,13075.8,2026-01-02 12:00:00
TX-1010,Salud,Europa,11221.52,2026-01-02 16:00:00
TX-1011,Salud,LATAM,8201.9,2026-01-02 20:00:00
TX-1012,Salud,Norteamérica,13127.88,2026-01-03 00:00:00
TX-1013,Salud,Norteamérica,4283.05,2026-01-03 04:00:00
TX-1014,Transporte,Europa,3034.24,2026-01-03 08:00:00
TX-1015,Retail,LATAM,3077.68,2026-01-03 12:00:00
TX-1016,Transporte,Europa,5542.93,2026-01-03 16:00:00
TX-1017,Transporte,LATAM,4189.4,2026-01-03 20:00:00
TX-1018,Transporte,Norteamérica,14007.28,2026-01-04 00:00:00
TX-1019,Salud,Norteamérica,2302.84,2026-01-04 04:00:00
TX-1020,Educación,Norteamérica,10725.67,2026-01-04 08:00:00
TX-1021,Retail,Norteamérica,3486.95,2026-01-04 12:00:00
TX-1022,Educación,Europa,13319.25,2026-01-04 16:00:00
TX-1023,Transporte,LATAM,14450.68,2026-01-04 20:00:00
TX-1024,Transporte,LATAM,7409.67,2026-01-05 00:00:00
TX-1025,Educación,Europa,13282.82,2026-01-05 04:00:00
TX-1026,Educación,LATAM,873.06,2026-01-05 08:00:00
TX-1027,Educación,Norteamérica,12443.25,2026-01-05 12:00:00
TX-1028,Transporte,LATAM,4046.48,2026-01-05 16:00:00
TX-1029,Transporte,Norteamérica,13703.56,2026-01-05 20:00:00
TX-1030,Retail,Europa,815.91,2026-01-06 00:00:00
TX-1031,Retail,LATAM,8697.78,2026-01-06 04:00:00
TX-1032,Transporte,Europa,11544.23,2026-01-06 08:00:00
TX-1033,Educación,LATAM,4473.37,2026-01-06 12:00:00
TX-1034,Educación,Norteamérica,3542.49,2026-01-06 16:00:00
TX-1035,Retail,Europa,1994.19,2026-01-06 20:00:00
TX-1036,Transporte,LATAM,5435.36,2026-01-07 00:00:00
TX-1037,Retail,Norteamérica,8749.79,2026-01-07 04:00:00
TX-1038,Retail,Europa,2444.98,2026-01-07 08:00:00
TX-1039,Salud,Europa,6149.07,2026-01-07 12:00:00
TX-1040,Salud,LATAM,928.83,2026-01-07 16:00:00
TX-1041,Salud,LATAM,12425.25,2026-01-07 20:00:00
TX-1042,Educación,LATAM,2623.97,2026-01-08 00:00:00
TX-1043,Transporte,Norteamérica,4823.47,2026-01-08 04:00:00
TX-1044,Transporte,LATAM,1061.67,2026-01-08 08:00:00
TX-1045,Transporte,Europa,6937.82,2026-01-08 12:00:00
TX-1046,Transporte,Europa,12729.73,2026-01-08 16:00:00
TX-1047,Salud,LATAM,6368.55,2026-01-08 20:00:00
TX-1048,Educación,LATAM,3348.86,2026-01-09 00:00:00
TX-1049,Educación,Europa,11502.52,2026-01-09 04:00:00
TX-1050,Salud,Norteamérica,12001.06,2026-01-09 08:00:00
TX-1051,Educación,LATAM,3267.3,2026-01-09 12:00:00
TX-1052,Salud,LATAM,11746.13,2026-01-09 16:00:00
TX-1053,Transporte,Europa,14251.63,2026-01-09 20:00:00
TX-1054,Salud,LATAM,3162.56,2026-01-10 00:00:00
TX-1055,Transporte,Norteamérica,11747.98,2026-01-10 04:00:00
TX-1056,Transporte,Europa,10861.72,2026-01-10 08:00:00
TX-1057,Retail,LATAM,7524.75,2026-01-10 12:00:00
TX-1058,Salud,Europa,1622.47,2026-01-10 16:00:00
TX-1059,Retail,LATAM,1860.66,2026-01-10 20:00:00
TX-1060,Salud,LATAM,12904.29,2026-01-11 00:00:00
TX-1061,Salud,LATAM,14860.11,2026-01-11 04:00:00
TX-1062,Retail,Norteamérica,10399.94,2026-01-11 08:00:00
TX-1063,Retail,Norteamérica,7132.61,2026-01-11 12:00:00
TX-1064,Salud,Europa,9995.55,2026-01-11 16:00:00
TX-1065,Educación,LATAM,9240.42,2026-01-11 20:00:00
TX-1066,Transporte,LATAM,6247.29,2026-01-12 00:00:00
TX-1067,Retail,Norteamérica,1731.89,2026-01-12 04:00:00
TX-1068,Transporte,LATAM,12465.48,2026-01-12 08:00:00
TX-1069,Educación,Norteamérica,6080.04,2026-01-12 12:00:00
TX-1070,Educación,LATAM,12426.76,2026-01-12 16:00:00
TX-1071,Educación,Europa,4385.62,2026-01-12 20:00:00
TX-1072,Retail,LATAM,814.62,2026-01-13 00:00:00
TX-1073,Educación,LATAM,3056.92,2026-01-13 04:00:00
TX-1074,Retail,Norteamérica,7453.26,2026-01-13 08:00:00
TX-1075,Educación,LATAM,14209.11,2026-01-13 12:00:00
TX-1076,Transporte,LATAM,2251.15,2026-01-13 16:00:00
TX-1077,Transporte,Norteamérica,12929.78,2026-01-13 20:00:00
TX-1078,Salud,Europa,8283.74,2026-01-14 00:00:00
TX-1079,Transporte,Europa,12528.07,2026-01-14 04:00:00
TX-1080,Salud,Norteamérica,5036.92,2026-01-14 08:00:00
TX-1081,Transporte,Norteamérica,12727.25,2026-01-14 12:00:00
TX-1082,Retail,Norteamérica,11774.08,2026-01-14 16:00:00
TX-1083,Transporte,Norteamérica,4066.76,2026-01-14 20:00:00
TX-1084,Salud,Norteamérica,2664.96,2026-01-15 00:00:00
TX-1085,Salud,Europa,13126.37,2026-01-15 04:00:00
TX-1086,Educación,Europa,14477.96,2026-01-15 08:00:00
TX-1087,Retail,Norteamérica,1244.49,2026-01-15 12:00:00
TX-1088,Transporte,LATAM,11184.03,2026-01-15 16:00:00
TX-1089,Educación,Norteamérica,13715.25,2026-01-15 20:00:00
TX-1090,Transporte,LATAM,12974.51,2026-01-16 00:00:00
TX-1091,Transporte,Norteamérica,14496.19,2026-01-16 04:00:00
TX-1092,Educación,Norteamérica,11593.34,2026-01-16 08:00:00
TX-1093,Educación,Europa,7080.64,2026-01-16 12:00:00
TX-1094,Educación,LATAM,5229.72,2026-01-16 16:00:00
TX-1095,Educación,LATAM,5354.55,2026-01-16 20:00:00
TX-1096,Educación,Europa,11086.8,2026-01-17 00:00:00
TX-1097,Transporte,Europa,11390.89,2026-01-17 04:00:00
TX-1098,Educación,Europa,3645.1,2026-01-17 08:00:00
TX-1099,Retail,Europa,13127.34,2026-01-17 12:00:00
TX-1100,Salud,LATAM,10951.92,2026-01-17 16:00:00
TX-1101,Educación,LATAM,8791.05,2026-01-17 20:00:00
TX-1102,Educación,Norteamérica,7495.76,2026-01-18 00:00:00
TX-1103,Transporte,Norteamérica,8513.91,2026-01-18 04:00:00
TX-1104,Educación,Europa,3061.29,2026-01-18 08:00:00
TX-1105,Educación,Europa,3692.56,2026-01-18 12:00:00
TX-1106,Educación,Europa,2094.54,2026-01-18 16:00:00
TX-1107,Transporte,Norteamérica,2981.94,2026-01-18 20:00:00
TX-1108,Educación,Norteamérica,7242.45,2026-01-19 00:00:00
TX-1109,Salud,Norteamérica,8331.03,2026-01-19 04:00:00
TX-1110,Transporte,Norteamérica,1053.64,2026-01-19 08:00:00
TX-1111,Salud,Norteamérica,12114.53,2026-01-19 12:00:00
TX-1112,Transporte,Norteamérica,4977.19,2026-01-19 16:00:00
TX-1113,Educación,Norteamérica,13748.07,2026-01-19 20:00:00
TX-1114,Salud,Europa,14538.66,2026-01-20 00:00:00
TX-1115,Transporte,Europa,3433.52,2026-01-20 04:00:00
TX-1116,Retail,Europa,7361.78,2026-01-20 08:00:00
TX-1117,Educación,Europa,817.49,2026-01-20 12:00:00
TX-1118,Transporte,Norteamérica,9296.25,2026-01-20 16:00:00
TX-1119,Retail,LATAM,9423.75,2026-01-20 20:00:00
TX-1120,Transporte,Norteamérica,4315.07,2026-01-21 00:00:00
TX-1121,Retail,LATAM,8729.46,2026-01-21 04:00:00
TX-1122,Educación,Europa,4002.67,2026-01-21 08:00:00
TX-1123,Salud,Norteamérica,3083.72,2026-01-21 12:00:00
TX-1124,Retail,Europa,10051.58,2026-01-21 16:00:00
TX-1125,Transporte,Norteamérica,5428.14,2026-01-21 20:00:00
TX-1126,Educación,Europa,9181.75,2026-01-22 00:00:00
TX-1127,Retail,LATAM,6952.1,2026-01-22 04:00:00
TX-1128,Transporte,LATAM,14777.79,2026-01-22 08:00:00
TX-1129,Transporte,LATAM,2924.05,2026-01-22 12:00:00
TX-1130,Transporte,Norteamérica,7397.3,2026-01-22 16:00:00
TX-1131,Retail,LATAM,10462.48,2026-01-22 20:00:00
TX-1132,Retail,Norteamérica,6416.74,2026-01-23 00:00:00
TX-1133,Retail,LATAM,14640.74,2026-01-23 04:00:00
TX-1134,Salud,LATAM,11050.8,2026-01-23 08:00:00
TX-1135,Retail,Norteamérica,10129.17,2026-01-23 12:00:00
TX-1136,Retail,Norteamérica,11550.24,2026-01-23 16:00:00
TX-1137,Retail,LATAM,14327.61,2026-01-23 20:00:00
TX-1138,Salud,Norteamérica,13691.02,2026-01-24 00:00:00
TX-1139,Retail,LATAM,11084.85,2026-01-24 04:00:00
TX-1140,Transporte,Norteamérica,11438.1,2026-01-24 08:00:00
TX-1141,Retail,Europa,2872.09,2026-01-24 12:00:00
TX-1142,Transporte,Europa,2259.65,2026-01-24 16:00:00
TX-1143,Transporte,Europa,8906.84,2026-01-24 20:00:00
TX-1144,Transporte,Europa,1060.82,2026-01-25 00:00:00
TX-1145,Salud,Europa,7649.46,2026-01-25 04:00:00
TX-1146,Salud,LATAM,3786.96,2026-01-25 08:00:00
TX-1147,Salud,Europa,5713.44,2026-01-25 12:00:00
TX-1148,Retail,Europa,11816.43,2026-01-25 16:00:00
TX-1149,Transporte,Europa,14165.57,2026-01-25 20:00:00
TX-1150,Salud,Europa,1828.31,2026-01-26 00:00:00
TX-1151,Salud,Norteamérica,8386.24,2026-01-26 04:00:00
TX-1152,Retail,LATAM,13331.98,2026-01-26 08:00:00
TX-1153,Salud,Europa,1971.62,2026-01-26 12:00:00
TX-1154,Retail,Europa,12508.1,2026-01-26 16:00:00
TX-1155,Educación,Europa,5880.78,2026-01-26 20:00:00
TX-1156,Salud,LATAM,5373.74,2026-01-27 00:00:00
TX-1157,Educación,Norteamérica,14680.02,2026-01-27 04:00:00
TX-1158,Retail,LATAM,3652.2,2026-01-27 08:00:00
TX-1159,Transporte,Norteamérica,10643.35,2026-01-27 12:00:00
TX-1160,Salud,Europa,12464.46,2026-01-27 16:00:00
TX-1161,Retail,Europa,1384.81,2026-01-27 20:00:00
TX-1162,Transporte,LATAM,10319.47,2026-01-28 00:00:00
TX-1163,Transporte,LATAM,14312.01,2026-01-28 04:00:00
TX-1164,Educación,Norteamérica,2563.92,2026-01-28 08:00:00
TX-1165,Retail,Norteamérica,13526.34,2026-01-28 12:00:00
TX-1166,Transporte,LATAM,9245.83,2026-01-28 16:00:00
TX-1167,Salud,Norteamérica,9555.79,2026-01-28 20:00:00
TX-1168,Salud,LATAM,9503.81,2026-01-29 00:00:00
TX-1169,Educación,Norteamérica,5043.47,2026-01-29 04:00:00
TX-1170,Transporte,LATAM,14079.87,2026-01-29 08:00:00
TX-1171,Retail,LATAM,14252.38,2026-01-29 12:00:00
TX-1172,Salud,LATAM,9679.33,2026-01-29 16:00:00
TX-1173,Transporte,Norteamérica,11924.6,2026-01-29 20:00:00
TX-1174,Transporte,Norteamérica,9494.06,2026-01-30 00:00:00
TX-1175,Educación,Norteamérica,7678.46,2026-01-30 04:00:00
TX-1176,Salud,LATAM,10183.65,2026-01-30 08:00:00
TX-1177,Salud,Norteamérica,8652.62,2026-01-30 12:00:00
TX-1178,Retail,Norteamérica,9284.16,2026-01-30 16:00:00
TX-1179,Salud,LATAM,11930.42,2026-01-30 20:00:00
TX-1180,Retail,Europa,7628.83,2026-01-31 00:00:00
TX-1181,Salud,LATAM,1378.71,2026-01-31 04:00:00
TX-1182,Educación,Norteamérica,3128.79,2026-01-31 08:00:00
TX-1183,Salud,LATAM,7028.22,2026-01-31 12:00:00
TX-1184,Retail,Europa,11092.54,2026-01-31 16:00:00
TX-1185,Retail,LATAM,9224.56,2026-01-31 20:00:00
TX-1186,Educación,Norteamérica,10034.18,2026-02-01 00:00:00
TX-1187,Salud,Europa,7605.76,2026-02-01 04:00:00
TX-1188,Salud,Norteamérica,9543.54,2026-02-01 08:00:00
TX-1189,Educación,Europa,5472.05,2026-02-01 12:00:00
TX-1190,Salud,Europa,7476.59,2026-02-01 16:00:00
TX-1191,Salud,LATAM,11368.76,2026-02-01 20:00:00
TX-1192,Retail,LATAM,13180.03,2026-02-02 00:00:00
TX-1193,Salud,Norteamérica,6957.91,2026-02-02 04:00:00
TX-1194,Salud,LATAM,1420.0,2026-02-02 08:00:00
TX-1195,Educación,LATAM,3095.75,2026-02-02 12:00:00
TX-1196,Educación,Europa,1096.23,2026-02-02 16:00:00
TX-1197,Transporte,LATAM,10076.33,2026-02-02 20:00:00
TX-1198,Retail,Europa,5518.87,2026-02-03 00:00:00
TX-1199,Salud,Europa,8503.2,2026-02-03 04:00:00
TX-1200,Salud,Europa,7804.53,2026-02-03 08:00:00
TX-1201,Transporte,Norteamérica,1957.68,2026-02-03 12:00:00
TX-1202,Salud,Norteamérica,6526.31,2026-02-03 16:00:00
TX-1203,Retail,Norteamérica,3931.97,2026-02-03 20:00:00
TX-1204,Transporte,Europa,6741.28,2026-02-04 00:00:00
TX-1205,Retail,Norteamérica,3690.81,2026-02-04 04:00:00
TX-1206,Transporte,Norteamérica,12734.42,2026-02-04 08:00:00
TX-1207,Transporte,LATAM,3273.55,2026-02-04 12:00:00
TX-1208,Educación,Norteamérica,14443.08,2026-02-04 16:00:00
TX-1209,Retail,Norteamérica,6705.88,2026-02-04 20:00:00
TX-1210,Salud,Europa,12816.68,2026-02-05 00:00:00
TX-1211,Salud,Europa,9728.46,2026-02-05 04:00:00
TX-1212,Retail,Europa,11241.97,2026-02-05 08:00:00
TX-1213,Salud,Europa,11701.68,2026-02-05 12:00:00
TX-1214,Salud,Europa,7968.8,2026-02-05 16:00:00
TX-1215,Retail,Europa,8514.87,2026-02-05 20:00:00
TX-1216,Transporte,Norteamérica,8098.74,2026-02-06 00:00:00
TX-1217,Retail,Europa,9150.43,2026-02-06 04:00:00
TX-1218,Transporte,Europa,1217.4,2026-02-06 08:00:00
TX-1219,Salud,LATAM,6416.32,2026-02-06 12:00:00
TX-1220,Salud,Norteamérica,9407.88,2026-02-06 16:00:00
TX-1221,Salud,Norteamérica,9287.67,2026-02-06 20:00:00
TX-1222,Educación,Norteamérica,12059.98,2026-02-07 00:00:00
TX-1223,Transporte,Europa,10101.13,2026-02-07 04:00:00
TX-1224,Educación,Europa,14888.29,2026-02-07 08:00:00
TX-1225,Educación,Europa,4830.73,2026-02-07 12:00:00
TX-1226,Retail,LATAM,5899.94,2026-02-07 16:00:00
TX-1227,Educación,Europa,6250.63,2026-02-07 20:00:00
TX-1228,Retail,LATAM,7414.54,2026-02-08 00:00:00
TX-1229,Retail,Norteamérica,12671.17,2026-02-08 04:00:00
TX-1230,Educación,Europa,4148.25,2026-02-08 08:00:00
TX-1231,Transporte,LATAM,11819.2,2026-02-08 12:00:00
TX-1232,Transporte,LATAM,6555.4,2026-02-08 16:00:00
TX-1233,Transporte,Europa,9346.35,2026-02-08 20:00:00
TX-1234,Transporte,Norteamérica,9782.08,2026-02-09 00:00:00
TX-1235,Transporte,Norteamérica,6094.45,2026-02-09 04:00:00
TX-1236,Educación,Norteamérica,8079.14,2026-02-09 08:00:00
TX-1237,Educación,LATAM,6665.04,2026-02-09 12:00:00
TX-1238,Salud,LATAM,1781.69,2026-02-09 16:00:00
TX-1239,Transporte,LATAM,7007.75,2026-02-09 20:00:00
TX-1240,Educación,LATAM,2182.99,2026-02-10 00:00:00
TX-1241,Salud,Norteamérica,6551.3,2026-02-10 04:00:00
TX-1242,Transporte,Europa,9219.44,2026-02-10 08:00:00
TX-1243,Retail,LATAM,9027.69,2026-02-10 12:00:00
TX-1244,Salud,LATAM,10209.22,2026-02-10 16:00:00
TX-1245,Educación,Norteamérica,2152.71,2026-02-10 20:00:00
TX-1246,Retail,Europa,10060.15,2026-02-11 00:00:00
TX-1247,Retail,Europa,5232.5,2026-02-11 04:00:00
TX-1248,Retail,Norteamérica,6466.45,2026-02-11 08:00:00
TX-1249,Salud,Norteamérica,12983.4,2026-02-11 12:00:00
TX-1250,Educación,Europa,928.23,2026-02-11 16:00:00
TX-1251,Retail,LATAM,9155.46,2026-02-11 20:00:00
TX-1252,Transporte,Europa,9301.74,2026-02-12 00:00:00
TX-1253,Retail,Norteamérica,6432.57,2026-02-12 04:00:00
TX-1254,Retail,LATAM,4165.8,2026-02-12 08:00:00
TX-1255,Salud,LATAM,4132.37,2026-02-12 12:00:00
TX-1256,Salud,Norteamérica,13348.68,2026-02-12 16:00:00
TX-1257,Educación,Norteamérica,7076.75,2026-02-12 20:00:00
TX-1258,Transporte,Norteamérica,5498.63,2026-02-13 00:00:00
TX-1259,Salud,Europa,7172.64,2026-02-13 04:00:00
TX-1260,Retail,Europa,10305.34,2026-02-13 08:00:00
TX-1261,Educación,LATAM,2869.74,2026-02-13 12:00:00
TX-1262,Retail,Norteamérica,7181.96,2026-02-13 16:00:00
TX-1263,Retail,LATAM,9147.96,2026-02-13 20:00:00
TX-1264,Salud,LATAM,14269.88,2026-02-14 00:00:00
TX-1265,Educación,LATAM,4385.89,2026-02-14 04:00:00
TX-1266,Transporte,LATAM,5901.36,2026-02-14 08:00:00
TX-1267,Transporte,Norteamérica,6186.89,2026-02-14 12:00:00
TX-1268,Salud,LATAM,9398.64,2026-02-14 16:00:00
TX-1269,Salud,Norteamérica,5865.6,2026-02-14 20:00:00
TX-1270,Educación,Norteamérica,8375.87,2026-02-15 00:00:00
TX-1271,Transporte,Europa,11901.42,2026-02-15 04:00:00
TX-1272,Transporte,Norteamérica,10816.48,2026-02-15 08:00:00
TX-1273,Transporte,Europa,7138.43,2026-02-15 12:00:00
TX-1274,Retail,Norteamérica,13071.87,2026-02-15 16:00:00
TX-1275,Transporte,Norteamérica,8725.59,2026-02-15 20:00:00
TX-1276,Retail,Norteamérica,8466.66,2026-02-16 00:00:00
TX-1277,Educación,Europa,1285.47,2026-02-16 04:00:00
TX-1278,Retail,Europa,14811.04,2026-02-16 08:00:00
TX-1279,Educación,LATAM,2546.19,2026-02-16 12:00:00
TX-1280,Transporte,Europa,4082.06,2026-02-16 16:00:00
TX-1281,Transporte,Europa,1534.1,2026-02-16 20:00:00
TX-1282,Educación,Europa,9888.04,2026-02-17 00:00:00
TX-1283,Salud,Europa,3990.76,2026-02-17 04:00:00
TX-1284,Educación,LATAM,3356.15,2026-02-17 08:00:00
TX-1285,Salud,Europa,2057.49,2026-02-17 12:00:00
TX-1286,Retail,Norteamérica,2266.99,2026-02-17 16:00:00
TX-1287,Retail,Norteamérica,9102.32,2026-02-17 20:00:00
TX-1288,Retail,Europa,10572.55,2026-02-18 00:00:00
TX-1289,Transporte,Europa,6442.78,2026-02-18 04:00:00
TX-1290,Retail,Norteamérica,7614.54,2026-02-18 08:00:00
TX-1291,Salud,Norteamérica,10540.74,2026-02-18 12:00:00
TX-1292,Retail,LATAM,1046.79,2026-02-18 16:00:00
TX-1293,Educación,Norteamérica,5388.46,2026-02-18 20:00:00
TX-1294,Educación,Norteamérica,14617.99,2026-02-19 00:00:00
TX-1295,Transporte,Europa,9037.59,2026-02-19 04:00:00
TX-1296,Educación,Norteamérica,4409.99,2026-02-19 08:00:00
TX-1297,Salud,LATAM,8208.57,2026-02-19 12:00:00
TX-1298,Retail,Norteamérica,5665.68,2026-02-19 16:00:00
TX-1299,Transporte,Europa,8357.88,2026-02-19 20:00:00
TX-1300,Retail,Europa,2585.53,2026-02-20 00:00:00
TX-1301,Retail,Norteamérica,2684.55,2026-02-20 04:00:00
TX-1302,Salud,Europa,2838.3,2026-02-20 08:00:00
TX-1303,Educación,LATAM,14145.44,2026-02-20 12:00:00
TX-1304,Educación,LATAM,11207.16,2026-02-20 16:00:00
TX-1305,Retail,Norteamérica,3105.82,2026-02-20 20:00:00
TX-1306,Transporte,Norteamérica,3474.56,2026-02-21 00:00:00
TX-1307,Educación,Norteamérica,11177.78,2026-02-21 04:00:00
TX-1308,Transporte,Europa,3017.53,2026-02-21 08:00:00
TX-1309,Educación,LATAM,4130.77,2026-02-21 12:00:00
TX-1310,Transporte,LATAM,14479.53,2026-02-21 16:00:00
TX-1311,Salud,Europa,4425.35,2026-02-21 20:00:00
TX-1312,Transporte,LATAM,10195.18,2026-02-22 00:00:00
TX-1313,Salud,Norteamérica,14696.56,2026-02-22 04:00:00
TX-1314,Salud,Norteamérica,6115.01,2026-02-22 08:00:00
TX-1315,Transporte,Norteamérica,1048.73,2026-02-22 12:00:00
TX-1316,Salud,LATAM,4266.89,2026-02-22 16:00:00
TX-1317,Retail,Norteamérica,12598.46,2026-02-22 20:00:00
TX-1318,Salud,Europa,13077.45,2026-02-23 00:00:00
TX-1319,Educación,Europa,11712.97,2026-02-23 04:00:00
TX-1320,Transporte,LATAM,2406.16,2026-02-23 08:00:00
TX-1321,Retail,Europa,12096.25,2026-02-23 12:00:00
TX-1322,Transporte,Europa,13845.22,2026-02-23 16:00:00
TX-1323,Educación,LATAM,9328.66,2026-02-23 20:00:00
TX-1324,Educación,Norteamérica,14160.43,2026-02-24 00:00:00
TX-1325,Educación,Norteamérica,12541.11,2026-02-24 04:00:00
TX-1326,Salud,Norteamérica,10271.0,2026-02-24 08:00:00
TX-1327,Salud,LATAM,8996.03,2026-02-24 12:00:00
TX-1328,Transporte,Europa,5749.75,2026-02-24 16:00:00
TX-1329,Transporte,Norteamérica,3061.88,2026-02-24 20:00:00
TX-1330,Retail,Norteamérica,9390.35,2026-02-25 00:00:00
TX-1331,Retail,LATAM,5317.18,2026-02-25 04:00:00
TX-1332,Transporte,Norteamérica,13103.43,2026-02-25 08:00:00
TX-1333,Salud,LATAM,14905.38,2026-02-25 12:00:00
TX-1334,Educación,Europa,11484.47,2026-02-25 16:00:00
TX-1335,Transporte,LATAM,2084.84,2026-02-25 20:00:00
TX-1336,Retail,LATAM,4899.34,2026-02-26 00:00:00
TX-1337,Salud,LATAM,2349.36,2026-02-26 04:00:00
TX-1338,Transporte,LATAM,10037.27,2026-02-26 08:00:00
TX-1339,Transporte,Europa,11665.71,2026-02-26 12:00:00
TX-1340,Salud,Europa,13944.58,2026-02-26 16:00:00
TX-1341,Transporte,Norteamérica,7022.05,2026-02-26 20:00:00
TX-1342,Salud,Europa,13599.53,2026-02-27 00:00:00
TX-1343,Educación,Europa,13266.05,2026-02-27 04:00:00
TX-1344,Salud,Norteamérica,5304.18,2026-02-27 08:00:00
TX-1345,Salud,Europa,13138.39,2026-02-27 12:00:00
TX-1346,Salud,LATAM,6134.55,2026-02-27 16:00:00
TX-1347,Transporte,LATAM,5015.54,2026-02-27 20:00:00
TX-1348,Transporte,Norteamérica,10016.86,2026-02-28 00:00:00
TX-1349,Salud,Norteamérica,5463.01,2026-02-28 04:00:00
TX-1350,Transporte,Norteamérica,9748.96,2026-02-28 08:00:00
TX-1351,Retail,LATAM,9459.61,2026-02-28 12:00:00
TX-1352,Retail,Europa,8800.83,2026-02-28 16:00:00
TX-1353,Transporte,LATAM,6201.96,2026-02-28 20:00:00
TX-1354,Transporte,Norteamérica,8588.7,2026-03-01 00:00:00
TX-1355,Salud,Europa,9270.09,2026-03-01 04:00:00
TX-1356,Educación,Europa,8548.75,2026-03-01 08:00:00
TX-1357,Transporte,LATAM,7110.76,2026-03-01 12:00:00
TX-1358,Retail,Norteamérica,1008.27,2026-03-01 16:00:00
TX-1359,Salud,LATAM,9136.28,2026-03-01 20:00:00
TX-1360,Transporte,Europa,3191.91,2026-03-02 00:00:00
TX-1361,Retail,LATAM,9924.58,2026-03-02 04:00:00
TX-1362,Retail,LATAM,11582.69,2026-03-02 08:00:00
TX-1363,Educación,Norteamérica,7906.32,2026-03-02 12:00:00
TX-1364,Salud,Norteamérica,8501.56,2026-03-02 16:00:00
TX-1365,Salud,Europa,14311.0,2026-03-02 20:00:00
TX-1366,Educación,LATAM,12829.78,2026-03-03 00:00:00
TX-1367,Educación,LATAM,13782.16,2026-03-03 04:00:00
TX-1368,Salud,LATAM,12355.48,2026-03-03 08:00:00
TX-1369,Salud,Europa,2346.64,2026-03-03 12:00:00
TX-1370,Transporte,Europa,2915.68,2026-03-03 16:00:00
TX-1371,Transporte,Norteamérica,8278.06,2026-03-03 20:00:00
TX-1372,Educación,Norteamérica,4294.19,2026-03-04 00:00:00
TX-1373,Transporte,Norteamérica,7569.08,2026-03-04 04:00:00
TX-1374,Retail,LATAM,6399.99,2026-03-04 08:00:00
TX-1375,Transporte,LATAM,8601.68,2026-03-04 12:00:00
TX-1376,Transporte,Norteamérica,11405.64,2026-03-04 16:00:00
TX-1377,Retail,LATAM,10959.97,2026-03-04 20:00:00
TX-1378,Educación,Norteamérica,8201.52,2026-03-05 00:00:00
TX-1379,Retail,Europa,12477.99,2026-03-05 04:00:00
TX-1380,Transporte,Norteamérica,6918.24,2026-03-05 08:00:00
TX-1381,Educación,Europa,13533.34,2026-03-05 12:00:00
TX-1382,Transporte,LATAM,1812.18,2026-03-05 16:00:00
TX-1383,Retail,Norteamérica,14356.17,2026-03-05 20:00:00
TX-1384,Retail,LATAM,10096.64,2026-03-06 00:00:00
TX-1385,Transporte,Europa,6197.06,2026-03-06 04:00:00
TX-1386,Salud,Europa,3599.59,2026-03-06 08:00:00
TX-1387,Salud,Europa,7604.4,2026-03-06 12:00:00
TX-1388,Retail,LATAM,3562.73,2026-03-06 16:00:00
TX-1389,Retail,LATAM,3161.91,2026-03-06 20:00:00
TX-1390,Salud,LATAM,9566.39,2026-03-07 00:00:00
TX-1391,Salud,LATAM,8227.8,2026-03-07 04:00:00
TX-1392,Transporte,Europa,10315.36,2026-03-07 08:00:00
TX-1393,Transporte,Europa,14000.4,2026-03-07 12:00:00
TX-1394,Salud,Norteamérica,8358.1,2026-03-07 16:00:00
TX-1395,Transporte,Norteamérica,9049.24,2026-03-07 20:00:00
TX-1396,Transporte,LATAM,2072.69,2026-03-08 00:00:00
TX-1397,Educación,Europa,10990.43,2026-03-08 04:00:00
TX-1398,Transporte,Europa,6478.65,2026-03-08 08:00:00
TX-1399,Retail,Europa,14669.5,2026-03-08 12:00:00
TX-1400,Transporte,Norteamérica,12489.07,2026-03-08 16:00:00
TX-1401,Transporte,Norteamérica,8219.23,2026-03-08 20:00:00
TX-1402,Salud,Europa,2549.76,2026-03-09 00:00:00
TX-1403,Retail,Europa,13003.7,2026-03-09 04:00:00
TX-1404,Transporte,Europa,12156.89,2026-03-09 08:00:00
TX-1405,Transporte,Norteamérica,3421.11,2026-03-09 12:00:00
TX-1406,Educación,Europa,4992.95,2026-03-09 16:00:00
TX-1407,Transporte,Europa,12066.38,2026-03-09 20:00:00
TX-1408,Transporte,LATAM,3430.24,2026-03-10 00:00:00
TX-1409,Educación,LATAM,13832.09,2026-03-10 04:00:00
TX-1410,Salud,Norteamérica,6828.29,2026-03-10 08:00:00
TX-1411,Transporte,Europa,2035.95,2026-03-10 12:00:00
TX-1412,Educación,Europa,12383.63,2026-03-10 16:00:00
TX-1413,Retail,LATAM,6103.84,2026-03-10 20:00:00
TX-1414,Salud,Norteamérica,8276.29,2026-03-11 00:00:00
TX-1415,Retail,LATAM,2394.72,2026-03-11 04:00:00
TX-1416,Retail,LATAM,836.69,2026-03-11 08:00:00
TX-1417,Educación,LATAM,9859.39,2026-03-11 12:00:00
TX-1418,Transporte,LATAM,8115.49,2026-03-11 16:00:00
TX-1419,Educación,Europa,9228.25,2026-03-11 20:00:00
TX-1420,Educación,Europa,12071.16,2026-03-12 00:00:00
TX-1421,Educación,LATAM,9981.8,2026-03-12 04:00:00
TX-1422,Educación,Norteamérica,3281.78,2026-03-12 08:00:00
TX-1423,Salud,Norteamérica,5922.97,2026-03-12 12:00:00
TX-1424,Transporte,Norteamérica,13663.65,2026-03-12 16:00:00
TX-1425,Retail,Norteamérica,11733.21,2026-03-12 20:00:00
TX-1426,Retail,LATAM,8704.25,2026-03-13 00:00:00
TX-1427,Transporte,Europa,4430.16,2026-03-13 04:00:00
TX-1428,Retail,Norteamérica,5089.26,2026-03-13 08:00:00
TX-1429,Transporte,LATAM,11193.8,2026-03-13 12:00:00
TX-1430,Retail,Norteamérica,12886.67,2026-03-13 16:00:00
TX-1431,Educación,Norteamérica,10334.23,2026-03-13 20:00:00
TX-1432,Retail,LATAM,12295.33,2026-03-14 00:00:00
TX-1433,Transporte,Europa,11686.52,2026-03-14 04:00:00
TX-1434,Transporte,Europa,2925.8,2026-03-14 08:00:00
TX-1435,Transporte,LATAM,6820.02,2026-03-14 12:00:00
TX-1436,Transporte,Europa,2972.37,2026-03-14 16:00:00
TX-1437,Transporte,LATAM,4140.35,2026-03-14 20:00:00
TX-1438,Salud,LATAM,13143.49,2026-03-15 00:00:00
TX-1439,Salud,LATAM,7515.07,2026-03-15 04:00:00
TX-1440,Retail,Europa,8402.09,2026-03-15 08:00:00
TX-1441,Transporte,LATAM,3333.93,2026-03-15 12:00:00
TX-1442,Retail,Norteamérica,5234.26,2026-03-15 16:00:00
TX-1443,Transporte,Europa,4069.5,2026-03-15 20:00:00
TX-1444,Transporte,Europa,3727.84,2026-03-16 00:00:00
TX-1445,Salud,Europa,9859.04,2026-03-16 04:00:00
TX-1446,Salud,Europa,4447.75,2026-03-16 08:00:00
TX-1447,Educación,Norteamérica,9774.62,2026-03-16 12:00:00
TX-1448,Salud,Europa,1630.06,2026-03-16 16:00:00
TX-1449,Educación,Europa,2813.2,2026-03-16 20:00:00
TX-1450,Educación,LATAM,4698.47,2026-03-17 00:00:00
TX-1451,Educación,Europa,9278.07,2026-03-17 04:00:00
TX-1452,Educación,Norteamérica,10396.95,2026-03-17 08:00:00
TX-1453,Educación,Norteamérica,7086.58,2026-03-17 12:00:00
TX-1454,Retail,Norteamérica,7130.23,2026-03-17 16:00:00
TX-1455,Salud,Norteamérica,11088.14,2026-03-17 20:00:00
TX-1456,Educación,Europa,1024.66,2026-03-18 00:00:00
TX-1457,Transporte,Europa,5643.48,2026-03-18 04:00:00
TX-1458,Salud,Norteamérica,12425.64,2026-03-18 08:00:00
TX-1459,Salud,Norteamérica,9365.72,2026-03-18 12:00:00
TX-1460,Educación,Europa,5588.63,2026-03-18 16:00:00
TX-1461,Retail,Norteamérica,13658.45,2026-03-18 20:00:00
TX-1462,Educación,LATAM,11771.24,2026-03-19 00:00:00
TX-1463,Retail,Norteamérica,4561.52,2026-03-19 04:00:00
TX-1464,Transporte,Norteamérica,9963.12,2026-03-19 08:00:00
TX-1465,Salud,LATAM,9259.66,2026-03-19 12:00:00
TX-1466,Transporte,LATAM,6496.87,2026-03-19 16:00:00
TX-1467,Retail,Europa,6010.78,2026-03-19 20:00:00
TX-1468,Retail,Europa,5678.56,2026-03-20 00:00:00
TX-1469,Transporte,LATAM,9563.61,2026-03-20 04:00:00
TX-1470,Retail,LATAM,7082.22,2026-03-20 08:00:00
TX-1471,Transporte,Europa,12612.46,2026-03-20 12:00:00
TX-1472,Salud,Norteamérica,10308.36,2026-03-20 16:00:00
TX-1473,Transporte,LATAM,1793.03,2026-03-20 20:00:00
TX-1474,Salud,Europa,9890.39,2026-03-21 00:00:00
TX-1475,Transporte,Norteamérica,4650.29,2026-03-21 04:00:00
TX-1476,Retail,LATAM,9217.93,2026-03-21 08:00:00
TX-1477,Transporte,Norteamérica,10457.87,2026-03-21 12:00:00
TX-1478,Retail,Europa,4077.77,2026-03-21 16:00:00
TX-1479,Transporte,LATAM,7287.39,2026-03-21 20:00:00
TX-1480,Transporte,Norteamérica,3502.61,2026-03-22 00:00:00
TX-1481,Educación,LATAM,1543.21,2026-03-22 04:00:00
TX-1482,Retail,Norteamérica,6174.37,2026-03-22 08:00:00
TX-1483,Educación,Europa,5953.81,2026-03-22 12:00:00
TX-1484,Retail,Europa,14935.82,2026-03-22 16:00:00
TX-1485,Educación,LATAM,7138.2,2026-03-22 20:00:00
TX-1486,Salud,Norteamérica,5536.69,2026-03-23 00:00:00
TX-1487,Transporte,LATAM,9042.75,2026-03-23 04:00:00
TX-1488,Retail,LATAM,2060.5,2026-03-23 08:00:00
TX-1489,Retail,Norteamérica,14455.65,2026-03-23 12:00:00
TX-1490,Transporte,Norteamérica,9816.43,2026-03-23 16:00:00
TX-1491,Retail,Norteamérica,11518.7,2026-03-23 20:00:00
TX-1492,Retail,Europa,3220.79,2026-03-24 00:00:00
TX-1493,Educación,LATAM,6614.59,2026-03-24 04:00:00
TX-1494,Retail,LATAM,6802.19,2026-03-24 08:00:00
TX-1495,Salud,Europa,12469.65,2026-03-24 12:00:00
TX-1496,Salud,Norteamérica,817.56,2026-03-24 16:00:00
TX-1497,Transporte,Europa,5072.11,2026-03-24 20:00:00
TX-1498,Retail,Europa,14733.56,2026-03-25 00:00:00
TX-1499,Transporte,Europa,7543.39,2026-03-25 04:00:00
TX-1500,Salud,LATAM,6231.87,2026-03-25 08:00:00
TX-1501,Retail,Europa,2501.57,2026-03-25 12:00:00
TX-1502,Retail,LATAM,14633.14,2026-03-25 16:00:00
TX-1503,Transporte,LATAM,1084.37,2026-03-25 20:00:00
TX-1504,Salud,LATAM,11267.96,2026-03-26 00:00:00
TX-1505,Retail,Norteamérica,11714.12,2026-03-26 04:00:00
TX-1506,Transporte,LATAM,4259.93,2026-03-26 08:00:00
TX-1507,Salud,LATAM,10336.13,2026-03-26 12:00:00
TX-1508,Transporte,Norteamérica,2119.59,2026-03-26 16:00:00
TX-1509,Educación,LATAM,4450.07,2026-03-26 20:00:00
TX-1510,Retail,Europa,11988.21,2026-03-27 00:00:00
TX-1511,Educación,Europa,13078.54,2026-03-27 04:00:00
TX-1512,Salud,LATAM,9440.51,2026-03-27 08:00:00
TX-1513,Educación,Norteamérica,7997.11,2026-03-27 12:00:00
TX-1514,Educación,Europa,3062.12,2026-03-27 16:00:00
TX-1515,Salud,Norteamérica,1696.15,2026-03-27 20:00:00
TX-1516,Transporte,Norteamérica,2470.62,2026-03-28 00:00:00
TX-1517,Educación,Europa,4028.47,2026-03-28 04:00:00
TX-1518,Transporte,Norteamérica,5651.78,2026-03-28 08:00:00
TX-1519,Educación,Europa,6208.92,2026-03-28 12:00:00
TX-1520,Transporte,Norteamérica,5717.77,2026-03-28 16:00:00
TX-1521,Salud,Europa,4194.59,2026-03-28 20:00:00
TX-1522,Educación,LATAM,8038.08,2026-03-29 00:00:00
TX-1523,Salud,Europa,12519.06,2026-03-29 04:00:00
TX-1524,Educación,Europa,4771.79,2026-03-29 08:00:00
TX-1525,Salud,Europa,14181.9,2026-03-29 12:00:00
TX-1526,Salud,Europa,13201.38,2026-03-29 16:00:00
TX-1527,Educación,Norteamérica,3097.05,2026-03-29 20:00:00
TX-1528,Educación,LATAM,11965.12,2026-03-30 00:00:00
TX-1529,Educación,Europa,8959.14,2026-03-30 04:00:00
TX-1530,Retail,Norteamérica,8845.37,2026-03-30 08:00:00
TX-1531,Transporte,LATAM,6352.81,2026-03-30 12:00:00
TX-1532,Retail,LATAM,7916.37,2026-03-30 16:00:00
TX-1533,Retail,LATAM,6439.94,2026-03-30 20:00:00
TX-1534,Salud,LATAM,8464.2,2026-03-31 00:00:00
TX-1535,Educación,Europa,9716.89,2026-03-31 04:00:00
TX-1536,Transporte,Europa,10375.11,2026-03-31 08:00:00
TX-1537,Salud,Norteamérica,8361.23,2026-03-31 12:00:00
TX-1538,Retail,Norteamérica,11044.19,2026-03-31 16:00:00
TX-1539,Educación,Norteamérica,2806.15,2026-03-31 20:00:00
TX-1540,Salud,LATAM,3810.15,2026-04-01 00:00:00
TX-1541,Educación,LATAM,12426.04,2026-04-01 04:00:00
TX-1542,Salud,Europa,5379.9,2026-04-01 08:00:00
TX-1543,Educación,LATAM,1125.09,2026-04-01 12:00:00
TX-1544,Retail,LATAM,2983.83,2026-04-01 16:00:00
TX-1545,Transporte,LATAM,3975.32,2026-04-01 20:00:00
TX-1546,Retail,Norteamérica,14393.99,2026-04-02 00:00:00
TX-1547,Transporte,Norteamérica,8937.19,2026-04-02 04:00:00
TX-1548,Educación,Europa,14044.78,2026-04-02 08:00:00
TX-1549,Salud,LATAM,8967.32,2026-04-02 12:00:00
TX-1550,Retail,LATAM,7606.83,2026-04-02 16:00:00
TX-1551,Transporte,Europa,5254.93,2026-04-02 20:00:00
TX-1552,Retail,LATAM,9410.47,2026-04-03 00:00:00
TX-1553,Transporte,LATAM,2776.61,2026-04-03 04:00:00
TX-1554,Retail,Norteamérica,13555.32,2026-04-03 08:00:00
TX-1555,Transporte,Europa,12576.52,2026-04-03 12:00:00
TX-1556,Transporte,Europa,5308.95,2026-04-03 16:00:00
TX-1557,Educación,Europa,14329.72,2026-04-03 20:00:00
TX-1558,Transporte,Europa,12517.85,2026-04-04 00:00:00
TX-1559,Educación,Norteamérica,10261.56,2026-04-04 04:00:00
TX-1560,Transporte,Norteamérica,2529.02,2026-04-04 08:00:00
TX-1561,Salud,LATAM,7590.92,2026-04-04 12:00:00
TX-1562,Salud,LATAM,7986.73,2026-04-04 16:00:00
TX-1563,Salud,LATAM,4102.23,2026-04-04 20:00:00
TX-1564,Transporte,LATAM,1935.51,2026-04-05 00:00:00
TX-1565,Educación,Norteamérica,11829.48,2026-04-05 04:00:00
TX-1566,Educación,Europa,2532.9,2026-04-05 08:00:00
TX-1567,Transporte,Norteamérica,9238.93,2026-04-05 12:00:00
TX-1568,Salud,LATAM,14097.58,2026-04-05 16:00:00
TX-1569,Salud,Norteamérica,13240.69,2026-04-05 20:00:00
TX-1570,Educación,Europa,4744.09,2026-04-06 00:00:00
TX-1571,Salud,Europa,12890.57,2026-04-06 04:00:00
TX-1572,Retail,Norteamérica,804.72,2026-04-06 08:00:00
TX-1573,Educación,Norteamérica,1051.17,2026-04-06 12:00:00
TX-1574,Salud,Norteamérica,9356.25,2026-04-06 16:00:00
TX-1575,Educación,LATAM,5980.13,2026-04-06 20:00:00
TX-1576,Retail,Norteamérica,6287.74,2026-04-07 00:00:00
TX-1577,Educación,Norteamérica,8815.06,2026-04-07 04:00:00
TX-1578,Educación,Norteamérica,3523.31,2026-04-07 08:00:00
TX-1579,Educación,Europa,3806.93,2026-04-07 12:00:00
TX-1580,Educación,Europa,7681.34,2026-04-07 16:00:00
TX-1581,Retail,LATAM,11510.4,2026-04-07 20:00:00
TX-1582,Transporte,LATAM,9596.87,2026-04-08 00:00:00
TX-1583,Educación,Europa,5022.44,2026-04-08 04:00:00
TX-1584,Educación,Europa,6910.79,2026-04-08 08:00:00
TX-1585,Salud,Europa,3223.44,2026-04-08 12:00:00
TX-1586,Educación,Norteamérica,1859.74,2026-04-08 16:00:00
TX-1587,Salud,Norteamérica,11914.28,2026-04-08 20:00:00
TX-1588,Transporte,Europa,4568.5,2026-04-09 00:00:00
TX-1589,Retail,Norteamérica,3324.28,2026-04-09 04:00:00
TX-1590,Retail,Norteamérica,10620.98,2026-04-09 08:00:00
TX-1591,Transporte,LATAM,9576.33,2026-04-09 12:00:00
TX-1592,Retail,Europa,9791.29,2026-04-09 16:00:00
TX-1593,Transporte,Europa,4050.3,2026-04-09 20:00:00
TX-1594,Transporte,Norteamérica,4103.57,2026-04-10 00:00:00
TX-1595,Transporte,Europa,3935.4,2026-04-10 04:00:00
TX-1596,Retail,LATAM,3267.29,2026-04-10 08:00:00
TX-1597,Salud,LATAM,10111.28,2026-04-10 12:00:00
TX-1598,Transporte,LATAM,12841.83,2026-04-10 16:00:00
TX-1599,Educación,Europa,11085.31,2026-04-10 20:00:00
TX-1600,Retail,Europa,12047.73,2026-04-11 00:00:00
TX-1601,Transporte,Europa,6548.14,2026-04-11 04:00:00
TX-1602,Transporte,Europa,10087.88,2026-04-11 08:00:00
TX-1603,Educación,Europa,5830.15,2026-04-11 12:00:00
TX-1604,Salud,LATAM,8262.17,2026-04-11 16:00:00
TX-1605,Salud,Norteamérica,7639.21,2026-04-11 20:00:00
TX-1606,Salud,LATAM,3311.8,2026-04-12 00:00:00
TX-1607,Transporte,Europa,6296.52,2026-04-12 04:00:00
TX-1608,Transporte,LATAM,14486.28,2026-04-12 08:00:00
TX-1609,Transporte,Europa,4329.84,2026-04-12 12:00:00
TX-1610,Retail,Europa,2700.01,2026-04-12 16:00:00
TX-1611,Educación,LATAM,6743.84,2026-04-12 20:00:00
TX-1612,Transporte,Europa,12022.8,2026-04-13 00:00:00
TX-1613,Educación,Norteamérica,9066.5,2026-04-13 04:00:00
TX-1614,Educación,Europa,10469.84,2026-04-13 08:00:00
TX-1615,Salud,Norteamérica,3493.67,2026-04-13 12:00:00
TX-1616,Retail,Norteamérica,9589.06,2026-04-13 16:00:00
TX-1617,Transporte,Europa,5393.71,2026-04-13 20:00:00
TX-1618,Salud,LATAM,12647.11,2026-04-14 00:00:00
TX-1619,Salud,Norteamérica,9736.04,2026-04-14 04:00:00
TX-1620,Transporte,LATAM,3623.76,2026-04-14 08:00:00
TX-1621,Educación,Norteamérica,1717.56,2026-04-14 12:00:00
TX-1622,Salud,Europa,1405.39,2026-04-14 16:00:00
TX-1623,Educación,Europa,6074.0,2026-04-14 20:00:00
TX-1624,Retail,Norteamérica,4575.09,2026-04-15 00:00:00
TX-1625,Educación,Europa,9974.48,2026-04-15 04:00:00
TX-1626,Retail,Norteamérica,7890.54,2026-04-15 08:00:00
TX-1627,Educación,Europa,4577.47,2026-04-15 12:00:00
TX-1628,Salud,LATAM,2919.18,2026-04-15 16:00:00
TX-1629,Salud,Europa,2606.24,2026-04-15 20:00:00
TX-1630,Retail,LATAM,13078.18,2026-04-16 00:00:00
TX-1631,Transporte,Europa,4257.39,2026-04-16 04:00:00
TX-1632,Retail,LATAM,10054.29,2026-04-16 08:00:00
TX-1633,Retail,Europa,12311.74,2026-04-16 12:00:00
TX-1634,Educación,LATAM,9519.95,2026-04-16 16:00:00
TX-1635,Educación,Norteamérica,13005.83,2026-04-16 20:00:00
TX-1636,Retail,Norteamérica,6371.99,2026-04-17 00:00:00
TX-1637,Salud,LATAM,14378.36,2026-04-17 04:00:00
TX-1638,Educación,Europa,2690.66,2026-04-17 08:00:00
TX-1639,Transporte,LATAM,2250.52,2026-04-17 12:00:00
TX-1640,Educación,Europa,10153.43,2026-04-17 16:00:00
TX-1641,Educación,Norteamérica,14188.2,2026-04-17 20:00:00
TX-1642,Transporte,Europa,12286.15,2026-04-18 00:00:00
TX-1643,Retail,Norteamérica,1885.12,2026-04-18 04:00:00
TX-1644,Transporte,Europa,4767.02,2026-04-18 08:00:00
TX-1645,Retail,Europa,14010.53,2026-04-18 12:00:00
TX-1646,Retail,Europa,4393.43,2026-04-18 16:00:00
TX-1647,Retail,LATAM,11892.62,2026-04-18 20:00:00
TX-1648,Transporte,LATAM,12516.88,2026-04-19 00:00:00
TX-1649,Retail,Norteamérica,7835.42,2026-04-19 04:00:00
TX-1650,Salud,Norteamérica,6286.15,2026-04-19 08:00:00
TX-1651,Transporte,LATAM,7191.77,2026-04-19 12:00:00
TX-1652,Salud,Norteamérica,4022.9,2026-04-19 16:00:00
TX-1653,Retail,LATAM,13429.35,2026-04-19 20:00:00
TX-1654,Educación,Europa,7198.8,2026-04-20 00:00:00
TX-1655,Retail,Norteamérica,13330.92,2026-04-20 04:00:00
TX-1656,Salud,Norteamérica,2300.85,2026-04-20 08:00:00
TX-1657,Salud,LATAM,14833.51,2026-04-20 12:00:00
TX-1658,Transporte,Norteamérica,7094.48,2026-04-20 16:00:00
TX-1659,Educación,Norteamérica,1479.2,2026-04-20 20:00:00
TX-1660,Transporte,Europa,1339.91,2026-04-21 00:00:00
TX-1661,Salud,Norteamérica,11396.14,2026-04-21 04:00:00
TX-1662,Retail,Europa,10158.3,2026-04-21 08:00:00
TX-1663,Educación,LATAM,12190.25,2026-04-21 12:00:00
TX-1664,Retail,Norteamérica,2296.22,2026-04-21 16:00:00
TX-1665,Retail,Europa,1305.11,2026-04-21 20:00:00
TX-1666,Educación,LATAM,8021.83,2026-04-22 00:00:00
TX-1667,Transporte,Norteamérica,6303.85,2026-04-22 04:00:00
TX-1668,Retail,LATAM,7359.65,2026-04-22 08:00:00
TX-1669,Salud,Norteamérica,14880.56,2026-04-22 12:00:00
TX-1670,Retail,LATAM,14584.65,2026-04-22 16:00:00
TX-1671,Educación,LATAM,14180.88,2026-04-22 20:00:00
TX-1672,Educación,Europa,11930.57,2026-04-23 00:00:00
TX-1673,Educación,LATAM,5838.75,2026-04-23 04:00:00
TX-1674,Transporte,Norteamérica,6652.26,2026-04-23 08:00:00
TX-1675,Retail,Norteamérica,8604.55,2026-04-23 12:00:00
TX-1676,Transporte,Europa,12593.59,2026-04-23 16:00:00
TX-1677,Transporte,Norteamérica,1775.72,2026-04-23 20:00:00
TX-1678,Educación,Norteamérica,6825.02,2026-04-24 00:00:00
TX-1679,Educación,Norteamérica,1973.17,2026-04-24 04:00:00
TX-1680,Transporte,LATAM,8108.14,2026-04-24 08:00:00
TX-1681,Retail,LATAM,13564.39,2026-04-24 12:00:00
TX-1682,Salud,Norteamérica,11911.29,2026-04-24 16:00:00
TX-1683,Transporte,Europa,4035.36,2026-04-24 20:00:00
TX-1684,Retail,LATAM,14659.07,2026-04-25 00:00:00
TX-1685,Educación,Europa,10276.38,2026-04-25 04:00:00
TX-1686,Educación,Norteamérica,948.07,2026-04-25 08:00:00
TX-1687,Retail,Norteamérica,4426.87,2026-04-25 12:00:00
TX-1688,Salud,LATAM,4502.13,2026-04-25 16:00:00
TX-1689,Educación,Norteamérica,1783.41,2026-04-25 20:00:00
TX-1690,Educación,LATAM,14429.54,2026-04-26 00:00:00
TX-1691,Educación,Norteamérica,7591.23,2026-04-26 04:00:00
TX-1692,Retail,Norteamérica,13520.57,2026-04-26 08:00:00
TX-1693,Transporte,LATAM,5375.46,2026-04-26 12:00:00
TX-1694,Educación,LATAM,2578.32,2026-04-26 16:00:00
TX-1695,Transporte,LATAM,7535.57,2026-04-26 20:00:00
TX-1696,Salud,Norteamérica,2418.18,2026-04-27 00:00:00
TX-1697,Educación,Norteamérica,7701.42,2026-04-27 04:00:00
TX-1698,Educación,Europa,13868.22,2026-04-27 08:00:00
TX-1699,Salud,LATAM,8194.91,2026-04-27 12:00:00
TX-1700,Educación,Norteamérica,9554.3,2026-04-27 16:00:00
TX-1701,Transporte,Norteamérica,3024.27,2026-04-27 20:00:00
TX-1702,Retail,LATAM,1421.05,2026-04-28 00:00:00
TX-1703,Transporte,Europa,2373.47,2026-04-28 04:00:00
TX-1704,Retail,LATAM,9299.15,2026-04-28 08:00:00
TX-1705,Retail,Europa,2149.17,2026-04-28 12:00:00
TX-1706,Transporte,Norteamérica,6139.1,2026-04-28 16:00:00
TX-1707,Transporte,Europa,8611.31,2026-04-28 20:00:00
TX-1708,Transporte,Norteamérica,6318.87,2026-04-29 00:00:00
TX-1709,Transporte,LATAM,3124.31,2026-04-29 04:00:00
TX-1710,Salud,LATAM,4687.84,2026-04-29 08:00:00
TX-1711,Educación,LATAM,13982.11,2026-04-29 12:00:00
TX-1712,Retail,Europa,10398.95,2026-04-29 16:00:00
TX-1713,Transporte,Norteamérica,7843.88,2026-04-29 20:00:00
TX-1714,Transporte,LATAM,980.55,2026-04-30 00:00:00
TX-1715,Transporte,LATAM,14892.3,2026-04-30 04:00:00
TX-1716,Salud,Norteamérica,10334.66,2026-04-30 08:00:00
TX-1717,Transporte,LATAM,5300.3,2026-04-30 12:00:00
TX-1718,Transporte,Norteamérica,13285.61,2026-04-30 16:00:00
TX-1719,Transporte,Norteamérica,4469.73,2026-04-30 20:00:00
TX-1720,Educación,Norteamérica,8525.04,2026-05-01 00:00:00
TX-1721,Salud,Norteamérica,9832.2,2026-05-01 04:00:00
TX-1722,Transporte,Norteamérica,3939.1,2026-05-01 08:00:00
TX-1723,Retail,Europa,14693.24,2026-05-01 12:00:00
TX-1724,Retail,LATAM,11424.33,2026-05-01 16:00:00
TX-1725,Retail,Europa,8720.95,2026-05-01 20:00:00
TX-1726,Salud,LATAM,3364.44,2026-05-02 00:00:00
TX-1727,Salud,Europa,1564.79,2026-05-02 04:00:00
TX-1728,Retail,Norteamérica,5344.85,2026-05-02 08:00:00
TX-1729,Transporte,LATAM,11495.26,2026-05-02 12:00:00
TX-1730,Salud,LATAM,4624.5,2026-05-02 16:00:00
TX-1731,Retail,Europa,8461.7,2026-05-02 20:00:00
TX-1732,Retail,Europa,11136.85,2026-05-03 00:00:00
TX-1733,Transporte,LATAM,2332.8,2026-05-03 04:00:00
TX-1734,Educación,Europa,10531.23,2026-05-03 08:00:00
TX-1735,Salud,Europa,2104.57,2026-05-03 12:00:00
TX-1736,Transporte,Europa,14504.84,2026-05-03 16:00:00
TX-1737,Retail,Norteamérica,7735.2,2026-05-03 20:00:00
TX-1738,Retail,Norteamérica,2939.6,2026-05-04 00:00:00
TX-1739,Transporte,Europa,5661.85,2026-05-04 04:00:00
TX-1740,Salud,Europa,6670.51,2026-05-04 08:00:00
TX-1741,Educación,Norteamérica,11566.23,2026-05-04 12:00:00
TX-1742,Educación,Norteamérica,11356.62,2026-05-04 16:00:00
TX-1743,Retail,LATAM,9489.56,2026-05-04 20:00:00
TX-1744,Salud,LATAM,2304.22,2026-05-05 00:00:00
TX-1745,Educación,Norteamérica,2952.29,2026-05-05 04:00:00
TX-1746,Salud,Europa,2131.35,2026-05-05 08:00:00
TX-1747,Salud,Europa,8995.85,2026-05-05 12:00:00
TX-1748,Retail,Europa,13255.37,2026-05-05 16:00:00
TX-1749,Educación,Europa,6959.97,2026-05-05 20:00:00
TX-1750,Transporte,LATAM,3084.04,2026-05-06 00:00:00
TX-1751,Retail,Norteamérica,8724.2,2026-05-06 04:00:00
TX-1752,Educación,Europa,12326.88,2026-05-06 08:00:00
TX-1753,Educación,LATAM,11332.31,2026-05-06 12:00:00
TX-1754,Educación,Europa,13316.6,2026-05-06 16:00:00
TX-1755,Educación,Norteamérica,4746.21,2026-05-06 20:00:00
TX-1756,Educación,LATAM,3554.14,2026-05-07 00:00:00
TX-1757,Salud,Norteamérica,13293.39,2026-05-07 04:00:00
TX-1758,Retail,Norteamérica,10137.36,2026-05-07 08:00:00
TX-1759,Salud,LATAM,5215.19,2026-05-07 12:00:00
TX-1760,Transporte,LATAM,11341.34,2026-05-07 16:00:00
TX-1761,Educación,LATAM,12374.68,2026-05-07 20:00:00
TX-1762,Retail,LATAM,9532.69,2026-05-08 00:00:00
TX-1763,Educación,LATAM,10567.95,2026-05-08 04:00:00
TX-1764,Retail,LATAM,6128.69,2026-05-08 08:00:00
TX-1765,Salud,LATAM,8449.48,2026-05-08 12:00:00
TX-1766,Retail,Europa,8243.06,2026-05-08 16:00:00
TX-1767,Transporte,Norteamérica,12842.28,2026-05-08 20:00:00
TX-1768,Transporte,LATAM,12727.49,2026-05-09 00:00:00
TX-1769,Retail,Europa,12624.06,2026-05-09 04:00:00
TX-1770,Retail,Europa,956.65,2026-05-09 08:00:00
TX-1771,Retail,Europa,11443.55,2026-05-09 12:00:00
TX-1772,Retail,Norteamérica,11573.2,2026-05-09 16:00:00
TX-1773,Transporte,LATAM,10432.98,2026-05-09 20:00:00
TX-1774,Educación,Europa,11538.96,2026-05-10 00:00:00
TX-1775,Retail,Norteamérica,12755.98,2026-05-10 04:00:00
TX-1776,Retail,Norteamérica,7478.53,2026-05-10 08:00:00
TX-1777,Transporte,Norteamérica,7929.11,2026-05-10 12:00:00
TX-1778,Transporte,Europa,2570.94,2026-05-10 16:00:00
TX-1779,Salud,LATAM,6272.34,2026-05-10 20:00:00
TX-1780,Retail,Europa,9935.79,2026-05-11 00:00:00
TX-1781,Salud,Europa,11881.68,2026-05-11 04:00:00
TX-1782,Transporte,LATAM,3884.37,2026-05-11 08:00:00
TX-1783,Transporte,LATAM,2757.09,2026-05-11 12:00:00
TX-1784,Educación,LATAM,10215.2,2026-05-11 16:00:00
TX-1785,Retail,Norteamérica,826.69,2026-05-11 20:00:00
TX-1786,Salud,LATAM,3332.89,2026-05-12 00:00:00
TX-1787,Transporte,Europa,1212.81,2026-05-12 04:00:00
TX-1788,Transporte,LATAM,3169.77,2026-05-12 08:00:00
TX-1789,Salud,Europa,3374.73,2026-05-12 12:00:00
TX-1790,Educación,Norteamérica,6304.97,2026-05-12 16:00:00
TX-1791,Transporte,Europa,6513.05,2026-05-12 20:00:00
TX-1792,Retail,Europa,13214.53,2026-05-13 00:00:00
TX-1793,Transporte,LATAM,8043.56,2026-05-13 04:00:00
TX-1794,Retail,LATAM,11072.35,2026-05-13 08:00:00
TX-1795,Salud,Europa,2278.75,2026-05-13 12:00:00
TX-1796,Retail,LATAM,4001.23,2026-05-13 16:00:00
TX-1797,Salud,Norteamérica,10781.8,2026-05-13 20:00:00
TX-1798,Retail,Norteamérica,1549.82,2026-05-14 00:00:00
TX-1799,Salud,LATAM,7709.69,2026-05-14 04:00:00
TX-1800,Retail,Norteamérica,9311.04,2026-05-14 08:00:00
TX-1801,Educación,LATAM,9350.47,2026-05-14 12:00:00
TX-1802,Retail,Europa,1125.65,2026-05-14 16:00:00
TX-1803,Retail,Europa,5373.93,2026-05-14 20:00:00
TX-1804,Educación,Norteamérica,9838.17,2026-05-15 00:00:00
TX-1805,Transporte,LATAM,2915.8,2026-05-15 04:00:00
TX-1806,Transporte,LATAM,10674.9,2026-05-15 08:00:00
TX-1807,Retail,Norteamérica,11392.14,2026-05-15 12:00:00
TX-1808,Educación,Europa,14743.96,2026-05-15 16:00:00
TX-1809,Retail,Norteamérica,3779.76,2026-05-15 20:00:00
TX-1810,Salud,Europa,12516.86,2026-05-16 00:00:00
TX-1811,Salud,LATAM,8188.21,2026-05-16 04:00:00
TX-1812,Retail,Europa,6103.17,2026-05-16 08:00:00
TX-1813,Transporte,Norteamérica,2537.75,2026-05-16 12:00:00
TX-1814,Transporte,LATAM,11244.18,2026-05-16 16:00:00
TX-1815,Retail,Norteamérica,4149.18,2026-05-16 20:00:00
TX-1816,Retail,Norteamérica,6074.19,2026-05-17 00:00:00
TX-1817,Salud,Europa,1688.1,2026-05-17 04:00:00
TX-1818,Transporte,Norteamérica,12179.41,2026-05-17 08:00:00
TX-1819,Retail,Europa,11685.56,2026-05-17 12:00:00
TX-1820,Salud,LATAM,11217.34,2026-05-17 16:00:00
TX-1821,Transporte,Europa,5052.1,2026-05-17 20:00:00
TX-1822,Educación,LATAM,3263.42,2026-05-18 00:00:00
TX-1823,Salud,Europa,9853.26,2026-05-18 04:00:00
TX-1824,Transporte,Norteamérica,7845.56,2026-05-18 08:00:00
TX-1825,Transporte,Europa,3331.19,2026-05-18 12:00:00
TX-1826,Salud,Europa,10539.94,2026-05-18 16:00:00
TX-1827,Educación,LATAM,14874.0,2026-05-18 20:00:00
TX-1828,Salud,Norteamérica,11410.52,2026-05-19 00:00:00
TX-1829,Transporte,Europa,11307.81,2026-05-19 04:00:00
TX-1830,Retail,Norteamérica,14294.44,2026-05-19 08:00:00
TX-1831,Retail,Europa,3681.7,2026-05-19 12:00:00
TX-1832,Salud,Europa,8830.81,2026-05-19 16:00:00
TX-1833,Transporte,Norteamérica,14710.98,2026-05-19 20:00:00
TX-1834,Retail,Europa,3147.18,2026-05-20 00:00:00
TX-1835,Transporte,Norteamérica,10743.58,2026-05-20 04:00:00
TX-1836,Salud,Europa,9118.5,2026-05-20 08:00:00
TX-1837,Retail,LATAM,9128.0,2026-05-20 12:00:00
TX-1838,Transporte,Norteamérica,10706.92,2026-05-20 16:00:00
TX-1839,Retail,Europa,14000.56,2026-05-20 20:00:00
TX-1840,Salud,Europa,11912.66,2026-05-21 00:00:00
TX-1841,Transporte,LATAM,1597.13,2026-05-21 04:00:00
TX-1842,Retail,Norteamérica,12908.74,2026-05-21 08:00:00
TX-1843,Salud,Europa,4002.69,2026-05-21 12:00:00
TX-1844,Retail,LATAM,6152.18,2026-05-21 16:00:00
TX-1845,Retail,Europa,7356.61,2026-05-21 20:00:00
TX-1846,Educación,Norteamérica,7628.87,2026-05-22 00:00:00
TX-1847,Educación,Europa,6979.56,2026-05-22 04:00:00
TX-1848,Salud,Europa,14110.42,2026-05-22 08:00:00
TX-1849,Educación,Europa,10825.47,2026-05-22 12:00:00
TX-1850,Salud,Europa,9762.62,2026-05-22 16:00:00
TX-1851,Educación,LATAM,1507.76,2026-05-22 20:00:00
TX-1852,Retail,LATAM,13635.57,2026-05-23 00:00:00
TX-1853,Salud,Norteamérica,13713.34,2026-05-23 04:00:00
TX-1854,Salud,LATAM,11879.03,2026-05-23 08:00:00
TX-1855,Retail,LATAM,899.81,2026-05-23 12:00:00
TX-1856,Salud,Norteamérica,1613.38,2026-05-23 16:00:00
TX-1857,Salud,LATAM,3998.18,2026-05-23 20:00:00
TX-1858,Educación,LATAM,2665.16,2026-05-24 00:00:00
TX-1859,Salud,Norteamérica,6463.47,2026-05-24 04:00:00
TX-1860,Transporte,Norteamérica,13901.25,2026-05-24 08:00:00
TX-1861,Retail,Norteamérica,7503.26,2026-05-24 12:00:00
TX-1862,Educación,Europa,990.32,2026-05-24 16:00:00
TX-1863,Educación,Europa,4814.99,2026-05-24 20:00:00
TX-1864,Transporte,Norteamérica,1433.25,2026-05-25 00:00:00
TX-1865,Retail,Norteamérica,1315.28,2026-05-25 04:00:00
TX-1866,Retail,Norteamérica,4715.22,2026-05-25 08:00:00
TX-1867,Educación,Europa,4713.7,2026-05-25 12:00:00
TX-1868,Salud,Europa,11977.2,2026-05-25 16:00:00
TX-1869,Educación,LATAM,14642.65,2026-05-25 20:00:00
TX-1870,Retail,LATAM,6071.14,2026-05-26 00:00:00
TX-1871,Transporte,Norteamérica,6890.19,2026-05-26 04:00:00
TX-1872,Educación,Europa,12796.01,2026-05-26 08:00:00
TX-1873,Retail,Europa,4607.57,2026-05-26 12:00:00
TX-1874,Educación,Europa,3020.62,2026-05-26 16:00:00
TX-1875,Salud,Norteamérica,12913.87,2026-05-26 20:00:00
TX-1876,Educación,LATAM,1460.31,2026-05-27 00:00:00
TX-1877,Educación,Norteamérica,9599.73,2026-05-27 04:00:00
TX-1878,Retail,LATAM,8780.3,2026-05-27 08:00:00
TX-1879,Retail,LATAM,5712.07,2026-05-27 12:00:00
TX-1880,Retail,Norteamérica,5275.69,2026-05-27 16:00:00
TX-1881,Educación,LATAM,11760.38,2026-05-27 20:00:00
TX-1882,Salud,LATAM,2027.23,2026-05-28 00:00:00
TX-1883,Transporte,Europa,4162.34,2026-05-28 04:00:00
TX-1884,Transporte,LATAM,11200.77,2026-05-28 08:00:00
TX-1885,Retail,Norteamérica,8586.15,2026-05-28 12:00:00
TX-1886,Retail,Norteamérica,2617.43,2026-05-28 16:00:00
TX-1887,Educación,LATAM,13326.33,2026-05-28 20:00:00
TX-1888,Transporte,Europa,6386.96,2026-05-29 00:00:00
TX-1889,Retail,Europa,12555.73,2026-05-29 04:00:00
TX-1890,Salud,LATAM,11985.52,2026-05-29 08:00:00
TX-1891,Salud,LATAM,9666.84,2026-05-29 12:00:00
TX-1892,Retail,Norteamérica,7821.63,2026-05-29 16:00:00
TX-1893,Retail,LATAM,14709.62,2026-05-29 20:00:00
TX-1894,Transporte,Europa,2858.5,2026-05-30 00:00:00
TX-1895,Transporte,LATAM,11097.21,2026-05-30 04:00:00
TX-1896,Educación,Norteamérica,3514.91,2026-05-30 08:00:00
TX-1897,Transporte,Norteamérica,5603.34,2026-05-30 12:00:00
TX-1898,Salud,Norteamérica,5183.52,2026-05-30 16:00:00
TX-1899,Salud,Norteamérica,14247.91,2026-05-30 20:00:00
TX-1900,Retail,Norteamérica,14536.46,2026-05-31 00:00:00
TX-1901,Transporte,LATAM,3398.82,2026-05-31 04:00:00
TX-1902,Educación,LATAM,1112.9,2026-05-31 08:00:00
TX-1903,Salud,LATAM,11024.11,2026-05-31 12:00:00
TX-1904,Salud,LATAM,6735.46,2026-05-31 16:00:00
TX-1905,Educación,Norteamérica,2061.53,2026-05-31 20:00:00
TX-1906,Educación,Europa,10509.31,2026-06-01 00:00:00
TX-1907,Salud,LATAM,8540.5,2026-06-01 04:00:00
TX-1908,Salud,Europa,14723.34,2026-06-01 08:00:00
TX-1909,Educación,LATAM,4029.21,2026-06-01 12:00:00
TX-1910,Salud,LATAM,6536.49,2026-06-01 16:00:00
TX-1911,Retail,Europa,8504.15,2026-06-01 20:00:00
TX-1912,Retail,Norteamérica,12042.14,2026-06-02 00:00:00
TX-1913,Educación,LATAM,8593.51,2026-06-02 04:00:00
TX-1914,Transporte,LATAM,9503.18,2026-06-02 08:00:00
TX-1915,Educación,LATAM,4011.29,2026-06-02 12:00:00
TX-1916,Educación,Europa,12826.25,2026-06-02 16:00:00
TX-1917,Transporte,Norteamérica,6886.55,2026-06-02 20:00:00
TX-1918,Transporte,Europa,2801.63,2026-06-03 00:00:00
TX-1919,Transporte,Europa,10231.47,2026-06-03 04:00:00
TX-1920,Retail,Norteamérica,3868.48,2026-06-03 08:00:00
TX-1921,Salud,Europa,2185.39,2026-06-03 12:00:00
TX-1922,Retail,Norteamérica,13040.21,2026-06-03 16:00:00
TX-1923,Salud,LATAM,7334.3,2026-06-03 20:00:00
TX-1924,Retail,Norteamérica,11439.83,2026-06-04 00:00:00
TX-1925,Salud,LATAM,4926.34,2026-06-04 04:00:00
TX-1926,Retail,Europa,11974.98,2026-06-04 08:00:00
TX-1927,Transporte,Europa,2389.49,2026-06-04 12:00:00
TX-1928,Educación,LATAM,5854.82,2026-06-04 16:00:00
TX-1929,Retail,Europa,14688.48,2026-06-04 20:00:00
TX-1930,Salud,Norteamérica,12074.65,2026-06-05 00:00:00
TX-1931,Transporte,LATAM,7861.03,2026-06-05 04:00:00
TX-1932,Retail,Europa,5624.84,2026-06-05 08:00:00
TX-1933,Retail,LATAM,13184.33,2026-06-05 12:00:00
TX-1934,Transporte,Norteamérica,8536.84,2026-06-05 16:00:00
TX-1935,Retail,Norteamérica,11569.64,2026-06-05 20:00:00
TX-1936,Educación,Europa,11508.33,2026-06-06 00:00:00
TX-1937,Retail,Norteamérica,1054.83,2026-06-06 04:00:00
TX-1938,Educación,LATAM,2592.8,2026-06-06 08:00:00
TX-1939,Educación,Norteamérica,10166.74,2026-06-06 12:00:00
TX-1940,Transporte,LATAM,3095.0,2026-06-06 16:00:00
TX-1941,Retail,LATAM,4428.01,2026-06-06 20:00:00
TX-1942,Transporte,Norteamérica,14242.26,2026-06-07 00:00:00
TX-1943,Retail,Europa,8754.59,2026-06-07 04:00:00
TX-1944,Retail,Norteamérica,11460.36,2026-06-07 08:00:00
TX-1945,Salud,LATAM,8723.33,2026-06-07 12:00:00
TX-1946,Retail,LATAM,8645.69,2026-06-07 16:00:00
TX-1947,Transporte,Norteamérica,2136.96,2026-06-07 20:00:00
TX-1948,Educación,Europa,5680.02,2026-06-08 00:00:00
TX-1949,Retail,Europa,4810.52,2026-06-08 04:00:00
TX-1950,Salud,LATAM,6348.34,2026-06-08 08:00:00
TX-1951,Transporte,LATAM,12136.49,2026-06-08 12:00:00
TX-1952,Retail,Europa,6081.44,2026-06-08 16:00:00
TX-1953,Transporte,Norteamérica,7214.09,2026-06-08 20:00:00
TX-1954,Salud,LATAM,6442.82,2026-06-09 00:00:00
TX-1955,Salud,LATAM,2126.39,2026-06-09 04:00:00
TX-1956,Transporte,Europa,7063.22,2026-06-09 08:00:00
TX-1957,Retail,Norteamérica,3577.65,2026-06-09 12:00:00
TX-1958,Educación,Europa,3451.47,2026-06-09 16:00:00
TX-1959,Salud,Norteamérica,2135.31,2026-06-09 20:00:00
TX-1960,Retail,Norteamérica,5864.73,2026-06-10 00:00:00
TX-1961,Retail,Norteamérica,11556.24,2026-06-10 04:00:00
TX-1962,Educación,LATAM,4725.47,2026-06-10 08:00:00
TX-1963,Salud,Europa,5235.36,2026-06-10 12:00:00
TX-1964,Salud,Europa,9925.98,2026-06-10 16:00:00
TX-1965,Retail,Norteamérica,3580.94,2026-06-10 20:00:00
TX-1966,Retail,LATAM,13536.8,2026-06-11 00:00:00
TX-1967,Educación,LATAM,8186.71,2026-06-11 04:00:00
TX-1968,Educación,Europa,7155.96,2026-06-11 08:00:00
TX-1969,Salud,LATAM,8721.05,2026-06-11 12:00:00
TX-1970,Transporte,LATAM,3157.69,2026-06-11 16:00:00
TX-1971,Salud,Norteamérica,9511.32,2026-06-11 20:00:00
TX-1972,Retail,LATAM,5956.03,2026-06-12 00:00:00
TX-1973,Salud,Norteamérica,13540.05,2026-06-12 04:00:00
TX-1974,Transporte,Europa,3197.73,2026-06-12 08:00:00
TX-1975,Educación,LATAM,8000.13,2026-06-12 12:00:00
TX-1976,Transporte,Europa,9293.2,2026-06-12 16:00:00
TX-1977,Transporte,Europa,1274.05,2026-06-12 20:00:00
TX-1978,Transporte,LATAM,5964.44,2026-06-13 00:00:00
TX-1979,Educación,LATAM,11203.42,2026-06-13 04:00:00
TX-1980,Transporte,Europa,12449.36,2026-06-13 08:00:00
TX-1981,Transporte,LATAM,5246.9,2026-06-13 12:00:00
TX-1982,Transporte,Norteamérica,12140.02,2026-06-13 16:00:00
TX-1983,Retail,Norteamérica,14542.13,2026-06-13 20:00:00
TX-1984,Transporte,LATAM,12967.61,2026-06-14 00:00:00
TX-1985,Educación,Europa,2470.54,2026-06-14 04:00:00
TX-1986,Transporte,LATAM,11304.17,2026-06-14 08:00:00
TX-1987,Transporte,LATAM,5339.27,2026-06-14 12:00:00
TX-1988,Educación,Europa,14835.51,2026-06-14 16:00:00
TX-1989,Transporte,Europa,7692.1,2026-06-14 20:00:00
TX-1990,Educación,Norteamérica,2538.56,2026-06-15 00:00:00
TX-1991,Transporte,Europa,11097.63,2026-06-15 04:00:00
TX-1992,Educación,Norteamérica,5386.76,2026-06-15 08:00:00
TX-1993,Transporte,Europa,14958.51,2026-06-15 12:00:00
TX-1994,Transporte,LATAM,14712.91,2026-06-15 16:00:00
TX-1995,Retail,Norteamérica,10117.1,2026-06-15 20:00:00
TX-1996,Retail,Norteamérica,2643.54,2026-06-16 00:00:00
TX-1997,Transporte,Norteamérica,10553.43,2026-06-16 04:00:00
TX-1998,Transporte,LATAM,2121.03,2026-06-16 08:00:00
TX-1999,Salud,LATAM,1216.97,2026-06-16 12:00:00
